[{
  "_id": {
    "$oid": "64834fbb698ecd8f45082df3"
  },
  "Name": "Silk Soy Milk",
  "Price": "$5"
},
{
  "_id": {
    "$oid": "6483504d698ecd8f45082df4"
  },
  "Name": "Snickers",
  "Price": "$3"
},
{
  "_id": {
    "$oid": "6483508f698ecd8f45082df5"
  },
  "Name": "Black Decker Cheese",
  "Price": "$4"
},
{
  "_id": {
    "$oid": "648350d7698ecd8f45082df6"
  },
  "Name": "Dempsters Tortillas",
  "Price": "$3"
},
{
  "_id": {
    "$oid": "64835117698ecd8f45082df7"
  },
  "Name": "Kohinoor Basmati Rice",
  "Price": "$12"
}]